dia,retorno_liquido
2017-08-01,5.2130406381902146e-05
2017-08-02,0.006128331107140671
2017-08-03,-0.0014444002006603575
2017-08-04,-0.0076323629239875065
2017-08-07,-0.0018495810054708728
2017-08-08,0.0020234316034874016
2017-08-09,0.0018570666180128214
2017-08-10,0.0009478563247557899
2017-08-11,0.011187066765074954
2017-08-14,0.009250403641418959
2017-08-15,0.012124950990613908
2017-08-16,0.009050401981670394
2017-08-17,-0.008845832640886528
2017-08-18,0.01634199608895681
2017-08-21,-0.0038525622814654186
2017-08-22,0.0020893026039223443
2017-08-23,0.006082485572087819
2017-08-24,0.009775780294003826
2017-08-25,-0.0011698374943106692
2017-08-28,0.004964971488640544
2017-08-29,0.0006878713029485149
2017-08-30,-0.002159707808035218
2017-08-31,0.010480798429861563
2017-09-01,0.010113808347032512
2017-09-04,0.010102450877389556
2017-09-05,0.006127377393548482
2017-09-06,0.021224213931169727
2017-09-08,0.00035759484810249305
2017-09-11,0.011219999452125056
2017-09-12,-0.004226082682421146
2017-09-13,0.007446786361271675
2017-09-14,0.015900339150235452
2017-09-15,0.00998982276431792
2017-09-18,-0.005929039461548738
2017-09-19,-0.012088074481299026
2017-09-20,0.0005209743371711393
2017-09-21,0.007174604677408396
2017-09-22,-0.0045456959194345075
2017-09-25,-0.019752082664243775
2017-09-26,0.009114797834627332
2017-09-27,-0.014223929891406664
2017-09-28,0.0066427069750450134
2017-09-29,0.019512958749802245
2017-10-02,0.011355773257197
2017-10-03,0.028465241346277946
2017-10-04,0.011443304075704645
2017-10-05,-0.005597901449749909
2017-10-06,0.0030430440357609124
2017-10-09,-0.004788204505276716
2017-10-10,0.011432488830143896
2017-10-11,-0.005333269138566254
2017-10-13,-0.009318870938920499
2017-10-16,-0.008297125114442774
2017-10-17,-0.012876669063058056
2017-10-18,0.024773910827127925
2017-10-19,-0.002583370415085207
2017-10-20,0.012352701261810036
2017-10-23,-0.007585826728623006
2017-10-24,0.012114364543487906
2017-10-25,0.010859892754074655
2017-10-26,-0.011482559219794308
2017-10-27,-0.011011822288577987
2017-10-30,-0.014185159809429564
2017-10-31,-0.0017396852954690949
2017-11-01,-0.005557164804245034
2017-11-03,0.004682747721853219
2017-11-06,-0.008306789607032494
2017-11-07,-0.02428238524347296
2017-11-08,0.030191324748735045
2017-11-09,-0.018411148845692046
2017-11-10,-0.020034330204750553
2017-11-13,0.018333369849511002
2017-11-14,0.004551293451038045
2017-11-16,0.03589466883033616
2017-11-17,0.017333802936813397
2017-11-21,0.017724509366025643
2017-11-22,-0.0016688452276193365
2017-11-23,-0.010797234358514806
2017-11-24,0.005946616718497009
2017-11-27,-0.007498914884721571
2017-11-28,-0.007907377522727558
2017-11-29,-0.01207146298748485
2017-11-30,-0.0009115036710098268
2017-12-01,0.004443078462851566
2017-12-04,0.0017309681528653701
2017-12-05,-0.007960435667372036
2017-12-06,0.006822413251312004
2017-12-07,-0.0044784466199084124
2017-12-08,0.013010718398234972
2017-12-11,-0.0006683209632024749
2017-12-12,0.0016050569076239021
2017-12-13,-0.002617823081345679
2017-12-14,0.0014542674557938323
2017-12-15,0.006903849089826609
2017-12-18,0.008136233976274984
2017-12-19,-0.004602653053618193
2017-12-20,0.005292196237855875
2017-12-21,0.012398225095533887
2017-12-22,4.170536076035396e-05
2017-12-26,0.006068345938223773
2017-12-27,0.010411661043420834
2017-12-28,0.0018320035952675497
2018-01-02,0.02368101752653914
2018-01-03,0.015068998092833859
2018-01-04,0.015048028910867532
2018-01-05,0.0006177613607359862
2018-01-08,0.006955557293722294
2018-01-09,-0.013309060862741251
2018-01-10,-0.003039500166573533
2018-01-11,0.01216297889113585
2018-01-12,0.0017968812244671265
2018-01-15,0.007181177804067007
2018-01-16,-0.0057851510123494605
2018-01-17,0.005263395967642769
2018-01-18,-0.008048963564645956
2018-01-19,0.0065830569786037635
2018-01-22,-0.009592478024841459
2018-01-23,-0.02008646752025229
2018-01-24,0.04690092260205877
2018-01-26,0.02436487427938549
2018-01-29,-0.006294630177711081
2018-01-30,-0.008827923418709404
2018-01-31,0.017936363725409916
2018-02-01,0.009005075895826924
2018-02-02,-0.009666226840989209
2018-02-05,-0.014971584178753222
2018-02-06,0.011284226244497358
2018-02-07,-0.003753746424683406
2018-02-08,-0.01376599121849881
2018-02-09,-0.011108852915960888
2018-02-14,0.039015540799481926
2018-02-15,0.004021699251288933
2018-02-16,0.006149341253635465
2018-02-19,0.011859454146033257
2018-02-20,-0.00032175065415194473
2018-02-21,-0.003883894554182074
2018-02-22,0.012123281241393578
2018-02-23,0.010668461954641596
2018-02-26,0.01676380582783937
2018-02-27,-0.013192969293080113
2018-02-28,-0.008621619324784464
2018-03-01,0.002972738221058149
2018-03-02,-0.0004968937396632004
2018-03-05,0.006423942590940087
2018-03-06,-0.004818163082120334
2018-03-07,-0.0031173079839445375
2018-03-08,-0.009286660711920443
2018-03-09,0.019708153594289114
2018-03-12,0.009456773682133908
2018-03-13,-0.012191524785816248
2018-03-14,0.005896538399158339
2018-03-15,-0.008031557629684096
2018-03-16,0.00890728913303587
2018-03-19,-0.009686553085021865
2018-03-20,0.01794466085567586
2018-03-21,0.016967047664822703
2018-03-22,-0.00831607544301215
2018-03-23,0.0008468868115557342
2018-03-26,0.0027629142204078755
2018-03-27,-0.014653066717897812
2018-03-28,0.0037650268316965015
2018-03-29,0.008327158144913254
2018-04-02,-0.011676504170628191
2018-04-03,-0.0033038456751620354
2018-04-04,-0.0029125853560175614
2018-04-05,0.008195084908133456
2018-04-06,-0.006337831146815317
2018-04-09,-0.013641119990195105
2018-04-10,0.010257010783310032
2018-04-11,0.0029480236028070076
2018-04-12,0.0006762080654613896
2018-04-13,-0.001062151670400114
2018-04-16,-0.003913872982807769
2018-04-17,0.01796107158941743
2018-04-18,0.023171742386153847
2018-04-19,-0.0034163529737629285
2018-04-20,0.004186336952501079
2018-04-23,-0.0011667873351012626
2018-04-24,-0.011443681545853126
2018-04-25,0.007340062020271482
2018-04-26,0.01403215006694479
2018-04-27,-0.006728528121782666
2018-04-30,0.0045971162216260335
2018-05-02,-0.016058703286633776
2018-05-03,-0.00404314946495652
2018-05-04,0.00476230798629554
2018-05-07,-0.0026040307581208233
2018-05-08,0.014665467329402099
2018-05-09,0.018464565068759736
2018-05-10,0.009354489920793796
2018-05-11,0.004047125939250239
2018-05-14,-0.0001956051988897383
2018-05-15,0.0017689450216729116
2018-05-16,0.018769055682026876
2018-05-17,-0.03366633452875068
2018-05-18,0.003676975799484014
2018-05-21,-0.0016722601885333433
2018-05-22,0.016353051080823303
2018-05-23,-0.01536471528263732
2018-05-24,-0.008853876428949168
2018-05-25,-0.020209584947704414
2018-05-28,-0.04486140731387428
2018-05-29,0.02874402892400615
2018-05-30,0.01892660816749979
2018-06-01,0.013416595460985318
2018-06-04,0.019230778418398622
2018-06-05,-0.0020540243099297912
2018-06-06,-0.009420183356551896
2018-06-07,-0.033574170063435126
2018-06-08,-0.015326244540995
2018-06-11,-0.007546477272250107
2018-06-12,0.00397567062855077
2018-06-13,-0.0051519606227287355
2018-06-14,0.0016792199143628227
2018-06-15,-0.017271924851123787
2018-06-18,0.0027199855916355993
2018-06-19,0.007773672081544689
2018-06-20,0.004285644573305343
2018-06-21,-0.01959922590243257
2018-06-22,0.007769766000574671
2018-06-25,-0.00302984215345174
2018-06-26,0.010364266792287871
2018-06-27,-0.004710591712417438
2018-06-28,0.0035516632639994695
2018-06-29,0.013515476756070389
2018-07-02,-0.00722519001069012
2018-07-03,-0.000985177678382378
2018-07-04,0.007402081174663367
2018-07-05,-0.006373741106004871
2018-07-06,0.0067343707522990225
2018-07-10,0.006009966382106464
2018-07-11,-0.011782712177269766
2018-07-12,0.018784500068580758
2018-07-13,0.0010314800180727419
2018-07-16,0.001552109566362447
2018-07-17,0.004509284227268227
2018-07-18,-0.003991807238105093
2018-07-19,0.0007387686683708346
2018-07-20,-0.006445549490344846
2018-07-23,-0.0003614877560998965
2018-07-24,0.008755132453151784
2018-07-25,-0.003551884820665686
2018-07-26,-0.0005325248435472781
2018-07-27,0.009602584964582998
2018-07-30,0.01174784496077629
2018-07-31,0.01645883039703043
2018-08-01,0.0019497454309186962
2018-08-02,0.0017211053536582163
2018-08-03,0.005114957453052911
2018-08-06,0.004625622264569498
2018-08-07,-0.003311861391670813
2018-08-08,0.002466583246039096
2018-08-09,-0.004448257250245611
2018-08-10,-0.008997618510099807
2018-08-13,0.010538527720762534
2018-08-14,0.01744123581928152
2018-08-15,-0.01300286745660526
2018-08-16,-0.00738398871836345
2018-08-17,0.003117213170608511
2018-08-20,0.01847363242895136
2018-08-21,-0.005496661438158563
2018-08-22,0.008810911745768186
2018-08-23,0.0032664780747833654
2018-08-24,0.006384831849332555
2018-08-27,0.010010686695566418
2018-08-28,0.005743401789570774
2018-08-29,0.004508095959984695
2018-08-30,-0.0048513095291771256
2018-08-31,0.004938266042489063
2018-09-03,0.001591762881124897
2018-09-04,-0.00959205796586138
2018-09-05,0.010948178076286308
2018-09-06,0.013465642843776356
2018-09-10,-0.010697892304182804
2018-09-11,-0.010490364280763513
2018-09-12,0.0034273073485690197
2018-09-13,-0.0017329542886416773
2018-09-14,-0.004218235308170651
2018-09-17,-0.006444956630310481
2018-09-18,0.006662055006399439
2018-09-19,-0.003452325069052413
2018-09-20,-0.003936249479000516
2018-09-21,0.0035474703148799334
2018-09-24,0.0003873709372579926
2018-09-25,0.014157106576450295
2018-09-26,-0.008539217406537925
2018-09-27,0.0005417307037637644
2018-09-28,0.00379993551704757
2018-10-01,0.0017165554456837512
2018-10-02,0.015815298782412914
2018-10-03,-0.01581758170144286
2018-10-04,-0.016057889612880735
2018-10-05,-0.0015594054450547622
2018-10-08,-0.003509118935684928
2018-10-09,-0.0016666197918568583
2018-10-10,-0.007779784270716376
2018-10-11,-0.008511974349221452
2018-10-15,0.00526211845639994
2018-10-16,0.018595610456108077
2018-10-17,-0.002794179601626689
2018-10-18,0.0027783020238392616
2018-10-19,0.005743159320042435
2018-10-22,0.010975711678568973
2018-10-23,-0.01756523226790577
2018-10-24,-0.019017603850570473
2018-10-25,0.009676872970850648
2018-10-26,0.002197087484408614
2018-10-29,-0.02538454397855496
2018-10-30,-0.013364179392785721
2018-10-31,0.01322633041781072
2018-11-01,0.010758210417545537
2018-11-05,0.006771864069423329
2018-11-06,-0.011852163107003716
2018-11-07,-0.011780922001097234
2018-11-08,-0.01014664802301334
2018-11-09,0.00805833556450804
2018-11-12,0.007958832616817008
2018-11-13,-0.010508967468364374
2018-11-14,0.0035212893961567484
2018-11-16,0.013881091195465442
2018-11-19,-0.008649539251701113
2018-11-21,-0.010893208386082391
2018-11-22,0.013663570413554683
2018-11-23,-0.0031605071926949827
2018-11-26,-0.00946108001426428
2018-11-27,0.02077397933059982
2018-11-28,0.009142525367537865
2018-11-29,-0.007095986187045768
2018-11-30,-0.002987601952684145
2018-12-03,-0.00634279285724049
2018-12-04,-0.003773955378603541
2018-12-05,0.010480053840910929
2018-12-06,-0.008996985500321526
2018-12-07,-0.004245876049143291
2018-12-10,-0.01230232553828543
2018-12-11,0.008121851711366972
2018-12-12,-0.00398151234125703
2018-12-13,0.012964403774404767
2018-12-14,0.021196496963703532
2018-12-17,-0.002115872324345151
2018-12-18,-0.004002523853856162
2018-12-19,0.0009975829320460854
2018-12-20,0.005364957289312287
2018-12-21,0.01189716796405938
2018-12-26,-0.008013308441235647
2018-12-27,0.007502648234633403
2018-12-28,0.02982715821693196
2019-01-02,0.03688274253896018
2019-01-03,0.011616213222013717
2019-01-04,-0.019065073915301222
2019-01-07,-0.007788048900607331
2019-01-08,0.008854463747677723
2019-01-09,0.007905829122652752
2019-01-10,-0.0005371319788231336
2019-01-11,0.00252309742754299
2019-01-14,0.010502543385539237
2019-01-15,-0.01703449308271367
2019-01-16,0.004308860809092518
2019-01-17,0.012625842997516292
2019-01-18,-0.006060086909162821
2019-01-21,0.0012091435595014018
2019-01-22,-0.010023975404610589
2019-01-23,-0.0007235347294162304
2019-01-24,0.004244935765413886
2019-01-28,-0.0016988110714556135
2019-01-29,0.002612305353014124
2019-01-30,0.0072867075570905125
2019-01-31,-0.002843045935051535
2019-02-01,-0.005011464693655557
2019-02-04,-0.0027534986350334703
2019-02-05,-0.0043936793637872115
2019-02-06,-0.018844083876733215
2019-02-07,-0.009249855210249163
2019-02-08,0.01663915143425858
2019-02-11,-0.011026925157326213
2019-02-12,0.01297680460084855
2019-02-13,-0.0052760940252807795
2019-02-14,0.01421328060855033
2019-02-15,-0.00236811324674473
2019-02-18,0.01089842117761417
2019-02-19,0.0022197567600414953
2019-02-20,-0.012312896759667558
2019-02-21,0.007517016746168189
2019-02-22,-0.0008339815792336319
2019-02-25,-0.003970643625709697
2019-02-26,-0.00538294864294319
2019-02-27,0.002248714924319954
2019-02-28,-0.015811601625317778
2019-03-01,0.007418924130857617
2019-03-06,-0.0034961224547051203
2019-03-07,-0.011624999634061831
2019-03-08,0.011132398826648108
2019-03-11,0.020060038065927863
2019-03-12,-0.008561430799580516
2019-03-13,0.009072953170641293
2019-03-14,0.005404572815134499
2019-03-15,0.005015277589854316
2019-03-18,0.006563055533557842
2019-03-19,-0.006853072049495109
2019-03-20,-0.002968471760453711
2019-03-21,-0.006719588179906717
2019-03-22,-0.03180196031049851
2019-03-25,0.0049661060070755585
2019-03-26,0.012676194752847916
2019-03-27,-0.030841002560109344
2019-03-28,0.017627037303616793
2019-03-29,0.01206444800427196
2019-04-01,0.005699671653994656
2019-04-02,-0.006956519859190908
2019-04-03,0.007127751801099131
2019-04-04,0.01622151802998937
2019-04-05,0.003740443053128565
2019-04-08,-0.0020503595905115917
2019-04-09,-0.008981570935405919
2019-04-10,0.008556334031482175
2019-04-11,-0.011844269744804944
2019-04-12,-0.011463541912106332
2019-04-15,0.004066318080674951
2019-04-16,0.012763637783015808
2019-04-17,-0.002937657451960191
2019-04-18,0.004236833542345363
2019-04-22,0.009959490002745177
2019-04-23,0.009638260262773575
2019-04-24,-0.008232008144474097
2019-04-25,0.010099151294703066
2019-04-26,0.004075661434248972
2019-04-29,-0.0080574171400551
2019-04-30,0.008855708661545286
2019-05-02,-0.00794628379059522
2019-05-03,-0.0012562784233176672
2019-05-06,0.0018198303219587174
2019-05-07,0.0008212017546097325
2019-05-08,0.004945151755103313
2019-05-09,-0.006305912448398041
2019-05-10,-0.0023893205548562685
2019-05-13,-0.01690404408140807
2019-05-14,0.0030453749665883905
2019-05-15,-0.0041109714398785725
2019-05-16,-0.008114654459131199
2019-05-17,-0.00735898435766557
2019-05-20,0.02252758587908422
2019-05-21,0.012389987076709444
2019-05-22,0.0007740296569002157
2019-05-23,-0.008494964236399984
2019-05-24,-0.0022931676740892454
2019-05-27,0.00993078289967065
2019-05-28,0.01107313829105837
2019-05-29,-0.0033631700004128876
2019-05-30,0.01706509873467853
2019-05-31,0.008670803951270033
2019-06-03,-0.0012189471896284533
2019-06-04,0.014390245843514348
2019-06-05,-0.006215100145398676
2019-06-06,0.014616465017375522
2019-06-07,0.0065613305374786594
2019-06-10,-0.005728933864163903
2019-06-11,0.0012110108464911966
2019-06-12,-0.012486711309163618
2019-06-13,0.009682106749331301
2019-06-14,-0.006647005970742892
2019-06-17,-0.0005191465168437483
2019-06-18,0.012792653547742677
2019-06-19,0.006016509381798385
2019-06-21,0.006106976091716905
2019-06-24,0.00031375378081197384
2019-06-25,-0.011115239983844442
2019-06-26,0.008025395387810321
2019-06-27,0.004483620494034489
2019-06-28,0.011025967903183545
2019-07-01,-0.0008846201121698524
2019-07-02,-0.0006760825717887155
2019-07-03,0.014151595844047135
2019-07-04,0.010938881230237564
2019-07-05,0.00852427798644719
2019-07-08,0.021000115926071827
2019-07-10,0.010553684779429235
2019-07-11,0.002627789975053862
2019-07-12,-0.008098084088380015
2019-07-15,-0.0007257298693504708
2019-07-16,0.009719698479707982
2019-07-17,0.008699830371518618
2019-07-18,0.014235880089578982
2019-07-19,-0.02147385825177239
2019-07-22,-0.007232420330269293
2019-07-23,0.011999674758623471
2019-07-24,-0.009634497957624659
2019-07-25,-0.009353024549813056
2019-07-26,0.009479954180786673
2019-07-29,0.007355778066423222
2019-07-30,0.009916772391394445
2019-07-31,0.006280260066737567
2019-08-01,0.017831885026006095
2019-08-02,0.005071285103231951
2019-08-05,-0.014536480276778244
2019-08-06,0.029055355677039568
2019-08-07,0.011705431091429278
2019-08-08,0.017721656986847904
2019-08-09,0.0051773480386198755
2019-08-12,-0.0032628468832632115
2019-08-13,0.008878070864259995
2019-08-14,-0.017389970523268693
2019-08-15,-0.024883001204618876
2019-08-16,0.013083712170536598
2019-08-19,-0.002288056411680407
2019-08-20,-0.0030641565442858097
2019-08-21,0.02925903851914764
2019-08-22,-0.00629352614624949
2019-08-23,-0.013063672914259531
2019-08-26,-0.02033313705213918
2019-08-27,0.017847509068531213
2019-08-28,0.011480621447422817
2019-08-29,0.019359386095451073
2019-08-30,0.020767725461953532
2019-09-02,0.01001563132447574
2019-09-03,-0.01955462606794088
2019-09-04,-0.017481929879803727
2019-09-05,0.0009282146249356267
2019-09-06,-0.016442992352239328
2019-09-09,-0.03898654824236355
2019-09-10,-0.003305428226312992
2019-09-11,0.03913806084653978
2019-09-12,-0.009802800240572934
2019-09-13,-0.0050487969960473725
2019-09-16,-0.0044908916321360235
2019-09-17,0.0145757815632879
2019-09-18,0.004078931270212042
2019-09-19,0.019033186718760434
2019-09-20,-0.007299709845188258
2019-09-23,-0.010389963538282771
2019-09-24,0.002774909617051392
2019-09-25,-0.004400393759216055
2019-09-26,0.010338958840217133
2019-09-27,-0.0014245986173459279
2019-09-30,0.010090629461627865
2019-10-01,8.741215929924592e-06
2019-10-02,-0.0080617678436502
2019-10-03,0.005985814431877594
2019-10-04,0.01350935825755468
2019-10-07,-0.013792012331596727
2019-10-08,0.0010247786477372682
2019-10-09,0.00941272014484836
2019-10-10,-0.004658022459743472
2019-10-11,0.017133547022872904
2019-10-14,0.017793304719414968
2019-10-15,-0.004682759127894051
2019-10-16,0.010925659590158954
2019-10-17,0.006750457824226725
2019-10-18,0.01105106596606827
2019-10-21,0.00850688213540504
2019-10-22,0.006387196608399619
2019-10-23,-0.00359377414763819
2019-10-24,0.002606491794060304
2019-10-25,-0.0033909547556583174
2019-10-28,0.004887134081915905
2019-10-29,-0.00018849754845593202
2019-10-30,0.01710820482720137
2019-10-31,0.004673800204279737
2019-11-01,0.016895154217990472
2019-11-04,0.002660884179289474
2019-11-05,-0.014058841598291728
2019-11-06,0.0070046846834507384
2019-11-07,0.005809446311958807
2019-11-08,-0.008833532602689901
2019-11-11,0.016632057910445378
2019-11-12,-0.018469071855096563
2019-11-13,0.006463078670167724
2019-11-14,0.027012808655500174
2019-11-18,0.007198995686332496
2019-11-19,0.003430546275330394
2019-11-21,0.028387500839475912
2019-11-22,0.012279820114459982
2019-11-25,-0.0033804981180128963
2019-11-26,0.0006802307120487055
2019-11-27,0.002106529847190761
2019-11-28,0.015374632163968442
2019-11-29,-0.0019187211666556393
2019-12-02,0.007416878074714594
2019-12-03,0.016698311815396476
2019-12-04,0.007483285546869969
2019-12-05,0.009186141328686398
2019-12-06,0.0164256664628018
2019-12-09,-0.007317724760492567
2019-12-10,0.0004420378443363028
2019-12-11,0.021434688571122466
2019-12-12,-0.0002481225054410993
2019-12-13,0.014813148560588752
2019-12-16,0.002557790344649179
2019-12-17,-0.011520786012936757
2019-12-18,0.008536079909508961
2019-12-19,0.0019942726172537976
2019-12-20,-0.002278335214086211
2019-12-23,0.014689701849228458
2019-12-26,0.010664091504153454
2019-12-27,-0.0024503385822891824
2019-12-30,-0.0005221460148660732
2020-01-02,0.01585334457931884
2020-01-03,0.010851705006459066
2020-01-06,-0.0023392524503780855
2020-01-07,0.010001570314694829
2020-01-08,-0.005927828004555106
2020-01-09,0.016156407195059955
2020-01-10,0.01679363673889001
2020-01-13,0.032695951468889754
2020-01-14,0.010303757455481946
2020-01-15,-0.0028360701437219024
2020-01-16,-0.010681596829391708
2020-01-17,0.0060586635128129784
2020-01-20,0.01087104329763821
2020-01-21,-0.0018197687351958751
2020-01-22,0.0087212469717192
2020-01-23,0.0013274787294285846
2020-01-24,-0.004181255801853853
2020-01-27,-0.03226869563257056
2020-01-28,0.024915401770964813
2020-01-29,-0.005400370665147026
2020-01-30,-0.012281435016485855
2020-01-31,-0.018443501662449326
2020-02-03,0.014845405898936759
2020-02-04,0.01276612950321674
2020-02-05,-0.003968277262449468
2020-02-06,-0.013136490386335086
2020-02-07,-0.023965896905058227
2020-02-10,-0.030296195130912834
2020-02-11,0.03656995664948555
2020-02-12,0.012507782112331809
2020-02-13,0.007970844919875568
2020-02-14,-0.004699924245483079
2020-02-17,0.008773271267130843
2020-02-18,0.005864517264719176
2020-02-19,0.011629185395630265
2020-02-20,-0.012515326840689543
2020-02-21,0.0034296018371922994
2020-02-26,-0.05897049998968391
2020-02-27,-0.035959686891515505
2020-02-28,0.0015240801395066863
2020-03-02,0.03249895569199375
2020-03-03,0.002194200874185434
2020-03-04,0.015891689558998744
2020-03-05,-0.04120794757881908
2020-03-06,-0.044223083483746026
2020-03-09,-0.0937726357242078
2020-03-10,0.06452113194226236
2020-03-11,-0.022932379219906075
2020-03-12,-0.11739275858517655
2020-03-13,0.04937290696871276
2020-03-16,-0.12087208238142967
2020-03-17,-0.006032016484438372
2020-03-18,-0.14817441149928723
2020-03-19,0.0637775499840976
2020-03-20,0.0016729030900159139
2020-03-23,-0.03243807026870177
2020-03-24,0.06252696408072865
2020-03-25,0.08031817691980779
2020-03-26,0.0250678293377407
2020-03-27,-0.03141920880759247
2020-03-30,-0.032108496963209235
2020-03-31,-0.04388231555124209
2020-04-01,-0.0074811342524144855
2020-04-02,0.004382399259644522
2020-04-03,-0.018885304667788257
2020-04-06,0.018153056412314173
2020-04-07,0.017799748487860836
2020-04-08,-0.0026221950702903776
2020-04-09,-0.005450907695582487
2020-04-13,0.0024898282209692224
2020-04-14,-0.0008197654154061775
2020-04-15,-0.003727432910774914
2020-04-16,0.0119261788430798
2020-04-17,-0.015623640080430764
2020-04-20,0.02100142060800704
2020-04-22,0.028652461402772524
2020-04-23,-0.004667568031922929
2020-04-24,-0.007206568097780019
2020-04-27,0.024557668075648558
2020-04-28,0.002193212054313478
2020-04-29,-0.020425101907163037
2020-04-30,-0.014549765242399763
2020-05-04,0.018872805838574615
2020-05-05,0.011357985724121923
2020-05-06,0.017005595191494024
2020-05-07,0.012649341771436428
2020-05-08,-0.006703210688221912
2020-05-11,0.009867767567021409
2020-05-12,0.005611953005776135
2020-05-13,0.009730305732824185
2020-05-14,-0.011781446296493522
2020-05-15,-0.005946009843019785
2020-05-18,-0.020971412585643393
2020-05-19,0.020335229752387596
2020-05-20,-0.005070848022765755
2020-05-21,0.006202380588462769
2020-05-22,0.0008380078486110386
2020-05-25,-0.004345642602643665
2020-05-26,0.026641216676520738
2020-05-27,-0.009103407044616301
2020-05-28,-0.015629309426335055
2020-05-29,-0.00027574072312916295
2020-06-01,-0.0010501550992167458
2020-06-02,-0.01811896426388843
2020-06-03,-0.02050458731930897
2020-06-04,0.007749827713033868
2020-06-05,-0.004970904113359201
2020-06-08,-0.007531153127436511
2020-06-09,-0.015081110170793794
2020-06-10,0.016127679743035202
2020-06-12,0.006076486681073997
2020-06-15,0.01631450851355021
2020-06-16,0.010531333610308845
2020-06-17,0.00897533749968837
2020-06-18,0.008710242290234965
2020-06-19,-0.0019492586712708728
2020-06-22,-0.0219145681056103
2020-06-23,0.0013088600338754365
2020-06-24,0.007945490896779454
2020-06-25,0.015850728588645585
2020-06-26,-0.0006897323564624561
2020-06-29,0.015472969975337295
2020-06-30,0.011527421048656063
2020-07-01,0.02383371142769633
2020-07-02,-0.006981699897102637
2020-07-03,0.013134631876816585
2020-07-06,0.001111249933440435
2020-07-07,0.021136522221359474
2020-07-08,0.0021056496567731873
2020-07-09,0.006529087774440787
2020-07-10,-0.0038016395228281505
2020-07-13,0.0030509564194259246
2020-07-14,0.008201408709168481
2020-07-15,0.009042368548669409
2020-07-16,-0.010531511965259647
2020-07-17,0.015166156381464346
2020-07-20,0.02514956839296611
2020-07-21,-0.009096644896077833
2020-07-22,0.016311787837854065
2020-07-23,-0.020973520536397228
2020-07-24,-0.01733986633852161
2020-07-27,-0.00011653550529990139
2020-07-28,-0.0017526172141452572
2020-07-29,-0.0017064909514930338
2020-07-30,0.01825201043853366
2020-07-31,-0.01067002015039493
2020-08-03,-0.010450620728523317
2020-08-04,-0.016988350553735078
2020-08-05,0.023876499397519513
2020-08-06,-0.00861421834527344
2020-08-07,-0.007463761138738775
2020-08-10,0.0009153673311269353
2020-08-11,-0.017004237730348672
2020-08-12,0.001983982240191543
2020-08-13,0.016519376637522776
2020-08-14,-0.01271328702976235
2020-08-17,-0.024962747017076233
2020-08-18,0.0355806268699815
2020-08-19,-0.002095855010423414
2020-08-20,0.008005039357155746
2020-08-21,-0.0042987968954532356
2020-08-24,0.0012659137111352271
2020-08-25,-0.0005943957970368808
2020-08-26,-0.00749834376898243
2020-08-27,-0.0021178779823455463
2020-08-28,0.01756098078734324
2020-08-31,-0.010030328871102433
2020-09-01,0.014852947072619853
2020-09-02,0.006458321602267379
2020-09-03,-0.01738192280603341
2020-09-04,0.003880623566933769
2020-09-08,-0.006024363437245191
2020-09-09,0.013666232756403164
2020-09-10,-0.02141574199887338
2020-09-11,-0.0025213673467034347
2020-09-14,0.01931474463493747
2020-09-15,0.015037520689651697
2020-09-16,-0.0116801138200144
2020-09-17,0.01117454475448653
2020-09-18,-0.01164665174665854
2020-09-21,-0.00898772516635652
2020-09-22,-0.0013009671571345065
2020-09-23,-0.024095823415374532
2020-09-24,0.005534245141538172
2020-09-25,0.013720835178287786
2020-09-28,-0.02071516383022821
2020-09-29,-0.007321510517495125
2020-09-30,0.004496809003366702
2020-10-01,0.001976082102351383
2020-10-02,-0.00946584160571907
2020-10-05,0.021766210077225026
2020-10-06,0.00850221016720197
2020-10-07,0.02262413072522922
2020-10-08,-0.0035308409446892304
2020-10-09,-0.0007623800797035492
2020-10-13,0.014652906029237932
2020-10-14,0.0111686140401512
2020-10-15,0.005963851479250408
2020-10-16,0.017155048376388576
2020-10-19,-0.006257553403881189
2020-10-20,0.012713554630835944
2020-10-21,-0.004030333539991325
2020-10-22,0.008233283875451698
2020-10-23,0.003318176759012889
2020-10-26,-0.001972960145829213
2020-10-27,0.007569833502633447
2020-10-28,-0.03378287734594561
2020-10-29,0.01537787619958256
2020-10-30,-0.02297360019998152
2020-11-03,0.03950901590239922
2020-11-04,-0.00214579375699988
2020-11-05,0.01284830489622613
2020-11-06,-0.0031725562348758154
2020-11-09,-0.02999995734977549
2020-11-10,-0.02412132989121846
2020-11-11,0.006593401632998101
2020-11-12,0.007523767667103142
2020-11-13,0.003638913308552836
2020-11-16,-0.004043134204374503
2020-11-17,-0.005874545526772765
2020-11-18,-0.008402713542025991
2020-11-19,0.005711197816106154
2020-11-20,-0.0010570599810479204
2020-11-23,0.023016844163348624
2020-11-24,0.007625789194791975
2020-11-25,0.02305261836301434
2020-11-26,0.016258858345724436
2020-11-27,0.00926441136940542
2020-11-30,-0.004017074508243926
2020-12-01,0.013396667289293233
2020-12-02,0.004644301607011754
2020-12-03,-0.017345832856690415
2020-12-04,0.03170689926138318
2020-12-07,0.003896463843272517
2020-12-08,0.0025883006859831656
2020-12-09,-0.004612312480427361
2020-12-10,-0.0020084587378879433
2020-12-11,0.005784821262838623
2020-12-14,-0.013462810508223653
2020-12-15,0.016684220541182362
2020-12-16,-0.00021477316791223492
2020-12-17,0.005947946773623531
2020-12-18,0.013071991249788908
2020-12-21,-0.013681375272932972
2020-12-22,0.007527316519746349
2020-12-23,0.013153022874982713
2020-12-28,0.0034603439311716388
2020-12-29,0.0063932080837650115
2020-12-30,0.010621084148309083
2021-01-04,0.02332087721893674
2021-01-05,0.009395548744161824
2021-01-06,0.01189627899576448
2021-01-07,0.024761515470515947
2021-01-08,-0.0034835201830756527
2021-01-11,0.008510834674933234
2021-01-12,-0.0005511712233364794
2021-01-13,-0.012687198912810142
2021-01-14,0.0111597317763985
2021-01-15,-0.025584896527221564
2021-01-18,0.008295524572281108
2021-01-19,-0.014611903418815502
2021-01-20,-0.0026605415090204623
2021-01-21,0.0061047496694391044
2021-01-22,-0.0011737492274113922
2021-01-26,-0.014389880575564626
2021-01-27,-0.014522356842538525
2021-01-28,0.010983483940257716
2021-01-29,-0.01954189483712386
2021-02-01,0.03708735925619867
2021-02-02,-0.0006164454297471125
2021-02-03,0.007638235448747415
2021-02-04,-0.0005324087398445035
2021-02-05,0.016585563541033962
2021-02-08,0.008382801276826328
2021-02-09,0.004081653646404278
2021-02-10,0.002832670450697594
2021-02-11,0.005482743048496044
2021-02-12,0.011707444123597007
2021-02-17,0.0312746836024391
2021-02-18,0.007221109224973718
2021-02-19,0.011577320065840719
2021-02-22,-0.002667956328469065
2021-02-23,0.0013365383500498003
2021-02-24,0.020035081000740473
2021-02-25,-0.02209894332306352
2021-02-26,-0.007527365456258954
2021-03-01,0.025688985630282254
2021-03-02,0.015579718765345092
2021-03-03,-0.014956184464497617
2021-03-04,-0.01342177478595454
2021-03-05,0.02103693118798317
2021-03-08,-0.026712425268746554
2021-03-09,0.021510548268868775
2021-03-10,-0.014565019008350982
2021-03-11,-0.0028902154996973046
2021-03-12,-0.006953479014716577
2021-03-15,0.009425789949712172
2021-03-16,0.033986476125287136
2021-03-17,0.0032616107193838904
2021-03-18,-0.016548723387094746
2021-03-19,-0.012722360974464558
2021-03-22,-0.004959549926999236
2021-03-23,-0.020040606735670034
2021-03-24,-0.0022866002961511507
2021-03-25,-0.0019916101050689882
2021-03-26,0.01766472969993143
2021-03-29,0.014907204817413276
2021-03-30,-0.00034943353591570614
2021-03-31,0.009220581600027233
2021-04-01,-0.008454904052266376
2021-04-05,0.00795692739505326
2021-04-06,0.009899100415341313
2021-04-07,-0.009656553784478095
2021-04-08,0.006925157723627535
2021-04-09,0.0035271994365427893
2021-04-12,0.01994216282027969
2021-04-13,0.0052657150239838165
2021-04-14,0.014767682523751598
2021-04-15,0.01348247170765659
2021-04-16,-0.0020652241871759575
2021-04-19,0.010755297915309586
2021-04-20,0.010200749282836614
2021-04-22,0.023962969119854155
2021-04-23,0.0022999207603431114
2021-04-26,0.00991208144204117
2021-04-27,0.0032763924695874296
2021-04-28,-0.010080120152887295
2021-04-29,0.012726335589557724
2021-04-30,-0.0012982294499859974
2021-05-03,-0.023304232966499108
2021-05-04,0.0034774706400235813
2021-05-05,0.009339394475685072
2021-05-06,0.0145765503778256
2021-05-07,-0.004571723341038332
2021-05-10,0.0020992460367065067
2021-05-11,0.007566828582816628
2021-05-12,-0.008049645306947583
2021-05-13,-0.021540410865581294
2021-05-14,-0.015397096864984137
2021-05-17,0.010202934586790207
2021-05-18,0.02450503673090251
2021-05-19,-0.0051714907476550645
2021-05-20,-0.01755503507593613
2021-05-21,-0.0007166438379896847
2021-05-24,0.0015216912135967732
2021-05-25,-0.015210614063065439
2021-05-26,0.02593835139441785
2021-05-27,-0.0012063042139173745
2021-05-28,0.007418288895248949
2021-05-31,0.007752445597878037
2021-06-01,0.008566791842390977
2021-06-02,0.005857353407401245
2021-06-04,0.008205870564685297
2021-06-07,-0.021211114131368836
2021-06-08,-0.01912909362724238
2021-06-09,0.010438756660167773
2021-06-10,0.005625090069010698
2021-06-11,-0.002584630688399617
2021-06-14,-0.011217587954202982
2021-06-15,-0.0014946179231108542
2021-06-16,-0.013346646376284809
2021-06-17,-0.03308873674604682
2021-06-18,0.022064650359579465
2021-06-21,0.024534472617663557
2021-06-22,0.007105079316100119
2021-06-23,0.0011783454380070398
2021-06-24,0.0029644094021815687
2021-06-25,-0.013174704643623369
2021-06-28,0.007326097954764392
2021-06-29,0.007397453862051681
2021-06-30,0.016707693662693975
2021-07-01,-0.010101468390046268
2021-07-02,0.017187655757444912
2021-07-05,0.008892662946915379
2021-07-06,-0.01157860663752256
2021-07-07,0.0044238884518831316
2021-07-08,-0.007167547833565584
2021-07-12,0.006618429298480056
2021-07-13,0.0015115232898235127
2021-07-14,-0.004080903256589065
2021-07-15,-0.0018230118690110062
2021-07-16,-0.01024870574604852
2021-07-19,-0.009389468244537087
2021-07-20,0.008287338215389371
2021-07-21,0.009824790699338348
2021-07-22,0.0055564934896807075
2021-07-23,-0.011999095369298482
2021-07-26,0.01325006304866643
2021-07-27,-0.015740449700355128
2021-07-28,0.005437905957085505
2021-07-29,0.007030329430308269
2021-07-30,-0.020737522572410266
2021-08-02,0.02528338386449621
2021-08-03,0.0006411086745460458
2021-08-04,0.00044246233766573285
2021-08-05,-0.004433059461020946
2021-08-06,-0.0008119372925962073
2021-08-09,0.015961946022200597
2021-08-10,0.006232708603031361
2021-08-11,-0.004535690600695652
2021-08-12,-0.014503490357856526
2021-08-13,-0.008025126910337488
2021-08-16,-0.03284197085156816
2021-08-17,-0.013051300326608752
2021-08-18,-0.00015239113295802576
2021-08-19,0.00238860456535683
2021-08-20,0.009218240743564662
2021-08-23,0.004261247603195105
2021-08-24,0.013014031488450425
2021-08-25,0.009096567868460763
2021-08-26,-0.008254283004980127
2021-08-27,0.01631657293680657
2021-08-30,0.004652858135134765
2021-08-31,-0.009524232551988202
2021-09-01,0.0010679180089960376
2021-09-02,-0.018101358447507907
2021-09-03,-0.008464560516838122
2021-09-06,-0.002835216267336058
2021-09-08,-0.029100792894429465
2021-09-09,0.016953546986450605
2021-09-10,0.00807482605443413
2021-09-13,-0.0008944600959526107
2021-09-14,0.007134282546519182
2021-09-15,0.01623847279384415
2021-09-16,-0.0078166849237003
2021-09-17,-0.021356317491571308
2021-09-20,-0.029923736625566563
2021-09-21,0.003240604820106943
2021-09-22,0.017581690821286553
2021-09-23,0.015522831605762294
2021-09-24,0.0057685330607755835
2021-09-27,0.006681781945171446
2021-09-28,-0.03261162618473628
2021-09-29,0.007357191541724644
2021-09-30,0.006835200910059918
2021-10-01,0.0017546034106597909
2021-10-04,-0.004158650895482248
2021-10-05,-0.012951382009298405
2021-10-06,-0.018875271205703287
2021-10-07,0.0047589015426063985
2021-10-08,0.017418117532015675
2021-10-11,0.007262959668669627
2021-10-13,0.01450632603475205
2021-10-14,0.0026869414854791595
2021-10-15,0.0020330261337328107
2021-10-18,0.003070040898113688
2021-10-19,-0.016248304307512524
2021-10-20,0.009197713228350536
2021-10-21,-0.014772208587190885
2021-10-22,-0.018894582118658968
2021-10-25,0.03372581829448046
2021-10-26,-0.01057812714813523
2021-10-27,-0.01473144251000718
2021-10-28,-0.009277160977142663
2021-10-29,-0.023727557564156124
2021-11-01,-0.009714222479490452
2021-11-03,0.0019864997304753613
2021-11-04,0.0006980032695641911
2021-11-05,0.0035383133966265363
2021-11-08,0.015369231143490548
2021-11-09,-0.009535172844807042
2021-11-10,-0.0046653074342018295
2021-11-11,-0.004609235263170754
2021-11-12,0.006487955249395807
2021-11-16,0.008403581297547367
2021-11-17,-0.010062540502905032
2021-11-18,0.009074045166915767
2021-11-19,-0.0005820209698881951
2021-11-22,0.010908151255826717
2021-11-23,0.01274329904687477
2021-11-24,-0.0042969304720869754
2021-11-25,0.010329891075183647
2021-11-26,-0.013170554779564478
2021-11-29,0.011766137222863385
2021-11-30,-0.01781626257997891
2021-12-01,0.012106174855142586
2021-12-02,0.024087817202180308
2021-12-03,-0.014246013969341288
2021-12-06,0.006308795560722363
2021-12-07,0.0071426189786890065
2021-12-08,-0.005515277012477559
2021-12-09,-0.0008781797345367905
2021-12-10,-0.008488698455779842
2021-12-13,0.005102724869564999
2021-12-14,0.0031502899397624785
2021-12-15,-0.0008942164056758902
2021-12-16,-0.008374219632720859
2021-12-17,-0.004525845732970505
2021-12-20,-0.006550936385706564
2021-12-21,0.005448013607341958
2021-12-22,-0.010285843075153641
2021-12-23,0.0015983801763552528
2021-12-27,0.0013192124805271026
2021-12-28,-0.002896868543707366
2021-12-29,0.0019429957412755955
2021-12-30,-0.0008479599316502957
2022-01-03,-0.004662265354230139
2022-01-04,0.00207168158817354
2022-01-05,-0.029136352999320086
2022-01-06,-0.005831302425109202
2022-01-07,0.006834284442454002
2022-01-10,0.007961760777723337
2022-01-11,0.010243301575892596
2022-01-12,0.005235958708938478
2022-01-13,0.0015569942990835903
2022-01-14,-0.0043332459587642775
2022-01-17,-0.007397270121729903
2022-01-18,0.0012915334277643835
2022-01-19,0.0009562034305139622
2022-01-20,-0.0019892919630717844
2022-01-21,-0.021545381333411877
2022-01-24,-0.006966081855933481
2022-01-25,0.011865997219252097
2022-01-26,-0.009258085145875622
2022-01-27,-0.010540633181681799
2022-01-28,0.010940266541524031
2022-01-31,-0.00013402598075536005
2022-02-01,0.0029779503768989856
2022-02-02,0.0047664209329199205
2022-02-03,0.004176596151395658
2022-02-04,-0.002635179104104454
2022-02-07,-0.004735678831174165
2022-02-08,-0.007108095757419845
2022-02-09,0.007628682925827197
2022-02-10,0.006168859857111662
2022-02-11,0.012184191497863957
2022-02-14,0.0011965744192298786
2022-02-15,-0.011646709708713825
2022-02-16,0.0033466821085209333
2022-02-17,-0.005134083362278763
2022-02-18,0.00512427572879481
2022-02-21,0.0070773058157095154
2022-02-22,-0.00198137281920785
2022-02-23,0.008817901640239989
2022-02-24,-0.010971218148585711
2022-02-25,0.011902540519496572
2022-03-02,0.0319473678420392
2022-03-03,0.01563119002109903
2022-03-04,0.009578044806177192
2022-03-07,0.006578027722768771
2022-03-08,-0.0023282051270209782
2022-03-09,-0.0045206563929924065
2022-03-10,0.017597422916685618
2022-03-11,0.0045564561390240505
2022-03-14,-0.0023003251866730167
2022-03-15,-0.007184436524467938
2022-03-16,-0.008235425781255166
2022-03-17,0.00546199446655942
2022-03-18,-0.006260037282948649
2022-03-21,0.019217656613491733
2022-03-22,-0.010256759085578868
2022-03-23,-0.0024590262735271896
2022-03-24,-0.010171528440725181
2022-03-25,-0.007918612906683787
2022-03-28,-0.007499386337790113
2022-03-29,-0.007905644229059521
2022-03-30,0.004184661339057711
2022-03-31,0.008464563028151163
2022-04-01,-0.0020381746397798205
2022-04-04,-0.0021456539970443303
2022-04-05,0.011660637830198568
2022-04-06,0.015470731461581465
2022-04-07,0.003833417121730903
2022-04-08,0.012459727753915285
2022-04-11,0.0010725061589334796
2022-04-12,-0.002137194289316782
2022-04-13,0.009244702440190407
2022-04-14,0.009577288595327306
2022-04-18,0.011741640255481535
2022-04-19,-0.020678975179479
2022-04-20,0.007881505225665211
2022-04-22,-0.006475385874511483
2022-04-25,-0.000520863740393168
2022-04-26,0.01581041572309556
2022-04-27,0.012869231925325924
2022-04-28,0.0026031857295124344
2022-04-29,-0.003816715567306665
2022-05-02,-0.007362393218655103
2022-05-03,0.010840475852464688
2022-05-04,0.010078227349944732
2022-05-05,-0.01044086229833066
2022-05-06,0.011419683005262839
2022-05-09,0.005868967222612684
2022-05-10,-0.005017130721240416
2022-05-11,0.013202176629488747
2022-05-12,-0.003260456120491206
2022-05-13,0.0022903891391612484
2022-05-16,-0.002452383981588356
2022-05-17,0.009679021765551006
2022-05-18,-0.018299221739318035
2022-05-19,0.003805990710768988
2022-05-20,0.014127946271997234
2022-05-23,0.009042389804609667
2022-05-24,0.015032817082693535
2022-05-25,0.0035410232533463768
2022-05-26,-0.017932992504883866
2022-05-27,0.001840257162355628
2022-05-30,0.0063332621783057244
2022-05-31,0.006925139081493058
2022-06-01,0.008400761561793067
2022-06-02,0.004825901822378229
2022-06-03,-0.0016007360079858125
2022-06-06,-0.0015830971410675267
2022-06-07,-0.006447591820031264
2022-06-08,-0.005523832481988798
2022-06-09,-0.001914360747540298
2022-06-10,-0.000983722232270276
2022-06-13,-0.0019285943787445195
2022-06-14,0.014110546229681246
2022-06-15,-0.0026166065218941417
2022-06-17,-0.011542074895923226
2022-06-20,-0.003690056887689139
2022-06-21,-0.00659404050870924
2022-06-22,-0.009922765954574591
2022-06-23,-0.01721411719934443
2022-06-24,0.006533741129950256
2022-06-27,0.029453720267681095
2022-06-28,0.010173529491127748
2022-06-29,-0.013104127503724187
2022-06-30,-0.005636924919109686
2022-07-01,0.01362951809940831
2022-07-04,-0.004346729917711565
2022-07-05,-0.029250583888810848
2022-07-06,-0.015536896491779662
2022-07-07,0.012564483822460141
2022-07-08,-0.006639322151788288
2022-07-11,-0.004535130656564192
2022-07-12,-0.007614816032464843
2022-07-13,0.0008720869392788198
2022-07-14,0.007383289605518562
2022-07-15,0.015727711628484572
2022-07-18,0.006268021573753108
2022-07-19,0.004497494602039397
2022-07-20,-0.016022012770629514
2022-07-21,0.0013924529842912505
2022-07-22,0.01117133862771926
2022-07-25,0.01745193675502546
2022-07-26,0.0038798847332673896
2022-07-27,0.006004675844011742
2022-07-28,-0.0007104364862707378
2022-07-29,0.020645568422545654
2022-08-01,-0.009926064981730673
2022-08-02,0.00781586847275927
2022-08-03,-0.01578077961530909
2022-08-04,-0.007678231869809116
2022-08-05,0.0030954555272215693
2022-08-08,0.014764015802917066
2022-08-09,0.008374919060781331
2022-08-10,-0.0009820416661311395
2022-08-11,0.0009140685686546496
2022-08-12,0.01473784509161593
2022-08-15,-0.015633323407380533
2022-08-16,0.0082085601716963
2022-08-17,0.019378132098775324
2022-08-18,0.0035224998029991642
2022-08-19,0.012707253758768959
2022-08-22,-0.004139964797104576
2022-08-23,-0.007102879080531923
2022-08-24,0.0030142257848976713
2022-08-25,-0.006642796216073549
2022-08-26,0.005215290506932485
2022-08-29,0.0013696903572415927
2022-08-30,-0.003002865372937883
2022-08-31,0.012725047621825305
2022-09-01,0.010737796923952332
2022-09-02,0.007410110395265677
2022-09-05,-0.002608270258747892
2022-09-06,-0.0029270190969289595
2022-09-08,-0.001161114870982509
2022-09-09,-0.002337958028516595
2022-09-12,-0.004444042301411601
2022-09-13,-0.007566828072749466
2022-09-14,0.010774689377039197
2022-09-15,0.006959656775678546
2022-09-16,0.0013749647751547722
2022-09-19,0.0026476196612089625
2022-09-20,0.007257511851273781
2022-09-21,0.0010380564246532612
2022-09-22,0.01739993057510206
2022-09-23,-0.007608399793228875
2022-09-26,-0.02229914019287768
2022-09-27,0.0036114408541027486
2022-09-28,0.003263270065437841
2022-09-29,0.004729807635390691
2022-09-30,0.0036090893910600444
2022-10-03,0.038361277180436595
2022-10-04,-0.02584735714587548
2022-10-05,0.004553258468422078
2022-10-06,0.012253546418404744
2022-10-07,0.0020743948767513727
2022-10-10,-0.0002757332177925853
2022-10-11,-0.011652060971574485
2022-10-13,0.0038492242059825765
2022-10-14,0.0003374858484864806
2022-10-17,0.0034398131689759646
2022-10-18,0.017576687053817854
2022-10-19,0.01610331247145601
2022-10-20,0.007899420579507115
2022-10-21,0.012370986784492336
2022-10-24,-0.01835433983884403
2022-10-25,-0.012969294605952109
2022-10-26,-0.016869755920413097
2022-10-27,0.019785393852386094
2022-10-28,-0.01344462038527288
2022-10-31,0.01564919831876705
2022-11-01,0.005145925234713829
2022-11-03,-0.0017576480859127777
2022-11-04,0.006383154414905269
2022-11-07,-0.02266288235115278
2022-11-08,-0.003136455817722456
2022-11-09,-0.0017785217760261757
2022-11-10,-0.03580444936586146
2022-11-11,0.004584236892326335
2022-11-14,0.0017285363588061696
2022-11-16,-0.028292319335647614
2022-11-17,0.0002546246563377375
2022-11-18,-0.0122109627643538
2022-11-21,0.010737994578545134
2022-11-22,-0.017249867501835166
2022-11-23,-0.0016730846759707605
2022-11-24,0.02485799555680662
2022-11-25,-0.02650559980571586
2022-11-28,0.001812237256519123
2022-11-29,0.012635396246737438
2022-11-30,-0.007246573110151562
2022-12-01,-0.0006856668129104624
2022-12-02,0.016146898582176276
2022-12-05,-0.004534848791945949
2022-12-06,0.0037294183670866505
2022-12-07,-0.0029041540734885277
2022-12-08,0.0005050190444782495
2022-12-09,0.0008594541231637722
2022-12-12,-0.023797788890853173
2022-12-13,0.0017033469104426912
2022-12-14,0.016837775565754283
2022-12-15,-0.017395852435734514
2022-12-16,-0.00443561571910118
2022-12-19,0.00412753776343573
2022-12-20,0.01307465212306304
2022-12-21,-0.007208689504639141
2022-12-22,0.00272633006554869
2022-12-23,0.0030219137833964473
2022-12-26,-0.007693336029861851
2022-12-27,0.007788719205908911
2022-12-28,0.0011718804059648329
2022-12-29,-0.0059607419673504
2023-01-02,-0.019853452190498406
2023-01-03,-0.013850939214524823
2023-01-04,-0.006285693171593552
2023-01-05,0.008331666977457948
2023-01-06,0.0020846337254101905
2023-01-09,-0.006163038385301297
2023-01-10,0.004426490284310209
2023-01-11,0.025096511851586897
2023-01-12,0.02555414837808781
2023-01-13,-0.011031074462986937
2023-01-16,0.009957673665494552
2023-01-17,0.023573963577111563
2023-01-18,0.007238570203951683
2023-01-19,0.010265041057516838
2023-01-20,-0.004139726415624415
2023-01-23,0.006689578923655988
2023-01-24,-0.010067342307308911
2023-01-25,-0.005082705449957587
2023-01-26,-0.004903370145931644
2023-01-27,-0.015695653325692494
2023-01-30,-0.001776735982962774
2023-01-31,-0.005925730504510994
2023-02-01,-0.02198776117651291
2023-02-02,-0.009303323730650353
2023-02-03,0.0047910403404742286
2023-02-06,0.004559864051453023
2023-02-07,0.017846706236635927
2023-02-08,0.019070569951322006
2023-02-09,-0.006881680590896373
2023-02-10,0.01771322082397356
2023-02-13,-0.0033737302634431767
2023-02-14,-0.001511923154561279
2023-02-15,-0.0014857604753375118
2023-02-16,-0.01044536028753244
2023-02-17,0.0033757852569354747
2023-02-22,-0.011820381387804717
2023-02-23,0.0047154148198977055
2023-02-24,-0.014945073471880425
2023-02-27,0.0036504959564829923
2023-02-28,-0.0011085184729296845
2023-03-01,0.0012337245492954735
2023-03-02,0.002762211664854014
2023-03-03,0.010955296089494086
2023-03-06,-0.01556325240195145
2023-03-07,-0.011400853127939982
2023-03-08,-0.000274826728637776
2023-03-09,-0.004303430451035921
2023-03-10,-1.6038393358541687e-05
2023-03-13,-0.008805290358053474
2023-03-14,-0.008748115597099584
2023-03-15,-4.6409765207224566e-05
2023-03-16,0.0007304971304501964
2023-03-17,-0.019323063127481627
2023-03-20,-0.004185705910244397
2023-03-21,-0.002031031207030783
2023-03-22,0.02303947083787562
2023-03-23,0.0028748085549201766
2023-03-24,0.010966964081070967
2023-03-27,0.006294202829083834
2023-03-28,0.004869099986666271
2023-03-29,0.0018650232264786658
2023-03-30,0.008169669771062585
2023-03-31,-0.008748803051569758
2023-04-03,0.003701901415109627
2023-04-04,0.025095457961717447
2023-04-05,-0.009726012486812737
2023-04-06,0.008618724573281215
2023-04-10,-0.001265649058429235
2023-04-11,0.003217603525324285
2023-04-12,0.0030850041327941664
2023-04-13,0.003423124650844611
2023-04-14,0.0049044609213705435
2023-04-17,0.006677138100524383
2023-04-18,-0.0023078955382153606
2023-04-19,-7.47768568507993e-05
2023-04-20,0.0016487335013290565
2023-04-24,-0.005936912820697755
2023-04-25,-0.001283846239163381
2023-04-26,0.006456142851065263
2023-04-27,0.005670696300841939
2023-04-28,-0.0032419720669883277
2023-05-02,-0.0015846156390545967
2023-05-03,0.0034746749883634797
2023-05-04,0.001964936674022619
2023-05-05,0.003348694559608343
2023-05-08,0.0005518605141419738
2023-05-09,0.002962918599542397
2023-05-10,0.00028429412237029417
2023-05-11,0.019956944273476513
2023-05-12,-0.005919671113717516
2023-05-15,0.00950285509373806
2023-05-16,0.0013842913958248563
2023-05-17,-0.0007018274722569738
2023-05-18,-0.002109375070409427
2023-05-19,0.015414959039197524
2023-05-22,-0.01835642546270989
2023-05-23,0.004861870339841482
2023-05-24,-0.002303132413497525
2023-05-25,0.0044108578598231534
2023-05-26,0.006694317582766991
2023-05-29,-0.000425718180239823
2023-05-30,-0.005892827180606841
2023-05-31,-0.0030935921806932234
2023-06-01,0.017084151108590385
2023-06-02,-0.0010205742621624584
2023-06-05,-0.005179420483342676
2023-06-06,0.013003058403931107
2023-06-07,0.001715871441745305
2023-06-09,-0.00247490440193669
2023-06-12,-0.004823187502965532
2023-06-13,-0.018651456888274486
2023-06-14,0.023148659855430718
2023-06-15,-0.0028961454099872405
2023-06-16,0.0006317101477884671
2023-06-19,0.00521097068599963
2023-06-20,-0.0012593204638659385
2023-06-21,-0.0011509072014714002
2023-06-22,0.0007844024660758252
2023-06-23,0.014334131264060862
2023-06-26,0.006165341757520367
2023-06-27,-0.01111089183109659
2023-06-28,0.002361910139977044
2023-06-29,0.018410006391268992
2023-06-30,0.014655780885818686
2023-07-03,-0.006770269146461694
2023-07-04,0.0015321906772827658
2023-07-05,0.010754923574776283
2023-07-06,-0.003700352359122809
2023-07-07,0.021831404199917453
2023-07-10,-0.0034606342347315642
2023-07-11,-0.0031062355476067925
2023-07-12,-0.0013148263371455667
2023-07-13,0.01557067893591761
2023-07-14,-0.030382245364294652
2023-07-17,0.008620002085705509
2023-07-18,0.0186731378572299
2023-07-19,-0.0012849244510348301
2023-07-20,0.004359896266689926
2023-07-21,0.009508412812734823
2023-07-24,0.002994813048642595
2023-07-25,0.0022107263929632176
2023-07-26,-0.0065264588315496995
2023-07-27,-0.01875204841484761
2023-07-28,0.02127039240355971
2023-07-31,0.014726118828659492
2023-08-01,-0.00011111345294788312
2023-08-02,0.017688583806039375
2023-08-03,0.003383860117478761
2023-08-04,0.018534291082846592
2023-08-07,-0.010607782470718979
2023-08-08,0.004814964068308312
2023-08-09,0.002328176710011811
2023-08-10,0.01299768322892545
2023-08-11,0.010921657572481603
2023-08-14,-0.025444918523222837
2023-08-15,0.017946275472625645
2023-08-16,-0.01273117798694916
2023-08-17,-0.020588216670143766
2023-08-18,0.004717222725684299
2023-08-21,-0.01576631180169858
2023-08-22,0.026933150686274
2023-08-23,0.025491803815213446
2023-08-24,-0.0016858752027011285
2023-08-25,-0.021857582721910095
2023-08-28,0.0055041261935276095
2023-08-29,-0.006808046879889725
2023-08-30,-0.0046638143950147775
2023-08-31,-0.009384741879016233
2023-09-01,0.019265826183457697
2023-09-04,-0.014103478864296026
2023-09-05,0.0028413690246885132
2023-09-06,-0.0032781096760131157
2023-09-08,0.014023767306107925
2023-09-11,0.010064314926287793
2023-09-12,0.018053237133433563
2023-09-13,-0.009418275459735623
2023-09-14,0.002357567819744614
2023-09-15,-0.0017764169551659893
2023-09-18,0.015941528044054028
2023-09-19,-0.0039060306283078498
2023-09-20,0.007289643755835157
2023-09-21,-0.017822549878462806
2023-09-22,0.00030714547023320425
2023-09-25,-0.01074682644910414
2023-09-26,-0.021440832927722156
2023-09-27,0.011057408143232453
2023-09-28,0.006932170996945027
2023-09-29,0.0031861660335609616
2023-10-02,-0.02469245778627341
2023-10-03,-0.012946496055608077
2023-10-04,0.0035685105028406853
2023-10-05,-0.023540578556346864
2023-10-06,-0.005355676703400813
2023-10-09,0.01573769916945139
2023-10-10,0.008789842760516076
2023-10-11,-0.0003390977662234533
2023-10-13,-0.009699955304915077
2023-10-16,0.004915132857247388
2023-10-17,0.001576330781703009
2023-10-18,-0.005659992904671284
2023-10-19,-0.004296158444827347
2023-10-20,-0.0032763077781550443
2023-10-23,0.0048829849829354855
2023-10-24,0.009390996114235052
2023-10-25,-0.01060709885807739
2023-10-26,0.014803009364342479
2023-10-27,-0.020365324521148635
2023-10-30,-0.002725921847538723
2023-10-31,-0.001299447093217766
2023-11-01,0.004459525612289467
2023-11-03,0.00865205253492264
2023-11-06,0.007952233064486098
2023-11-07,-0.0105768942566402
2023-11-08,-0.004260736744322527
2023-11-09,0.021140785477061625
2023-11-10,0.013069766729777174
2023-11-13,0.004753033591326131
2023-11-14,0.017114262061336292
2023-11-16,-0.009671609522839951
2023-11-17,-0.005122878136190825
2023-11-20,0.001425074655434307
2023-11-21,-0.008924661221590413
2023-11-22,0.0006569470928958147
2023-11-23,0.004824109583508169
2023-11-24,0.002235636034656112
2023-11-27,0.004430600390108425
2023-11-28,0.01061152682786687
2023-11-29,0.003506868591248528
2023-11-30,0.0017029765654611635
2023-12-01,0.011419814811848152
2023-12-04,-0.006756916851861359
2023-12-05,-0.014171384771543933
2023-12-06,0.001025892734657689
2023-12-07,0.0020030991330590203
2023-12-08,0.011925042248246646
2023-12-11,-0.0015054492757755518
2023-12-12,-0.0007985624988828511
2023-12-13,0.00754146276615709
2023-12-14,0.006527727224001604
2023-12-15,-0.0026139026913273
2023-12-18,0.0065985372393064365
2023-12-19,0.006747160236305326
2023-12-20,0.004282873571607797
2023-12-21,0.004827461833328329
2023-12-22,-0.0061557085981823806
2023-12-26,-0.008138804570143796
2023-12-27,-0.00017891845298036114
2023-12-28,0.012951806184370165
2024-01-02,-0.0523221153809137
2024-01-03,-0.006921828227811085
2024-01-04,-0.014345406435552594
2024-01-05,0.017744149992038504
2024-01-08,0.011217062614651493
2024-01-09,-0.004377626238029598
2024-01-10,-0.003001014905171075
2024-01-11,-0.002112276693492884
2024-01-12,0.004015857940581684
2024-01-15,0.016597328562118315
2024-01-16,-0.01676650220371335
2024-01-17,0.012470634238934603
2024-01-18,-0.017396655547384843
2024-01-19,0.012796447553229028
2024-01-22,-0.006641980026005909
2024-01-23,0.0006247434503225208
2024-01-24,0.0024884565591797134
2024-01-25,0.0062803454119078365
2024-01-26,-0.003410811817468783
2024-01-29,-0.002294115359314962
2024-01-30,-0.002559955450204565
2024-01-31,0.014100382099935485
2024-02-01,0.0038623686701171516
2024-02-02,-0.01580011646502418
2024-02-05,-0.0040728149063933555
2024-02-06,0.0011066938898846028
2024-02-07,0.005446176093192891
2024-02-08,-0.01825788137194519
2024-02-09,0.00847912996149669
2024-02-14,-0.013924461241238565
2024-02-15,0.004964478030020913
2024-02-16,0.00888330732182108
2024-02-19,0.0009311245860382056
2024-02-20,0.011178895817787735
2024-02-21,-0.0008431832343127094
2024-02-22,0.01157951788444172
2024-02-23,-0.0037518771679524057
2024-02-26,0.013184818908843057
2024-02-27,0.01513940201570549
2024-02-28,-0.0010376375828352034
2024-02-29,0.0014173605422186822
2024-03-01,-0.009736448653917401
2024-03-04,-0.008309237197817633
2024-03-05,-0.0073680338158994526
2024-03-06,-0.0016078104985482804
2024-03-07,0.000256234072248098
2024-03-08,-0.0001724678642419228
2024-03-11,-0.012063972428456646
2024-03-12,0.010712772459808742
2024-03-13,0.009244679692403217
2024-03-14,-0.0011780322544783597
2024-03-15,-0.0010379066690915906
2024-03-18,-0.003958461672313105
2024-03-19,0.005250744784154529
2024-03-20,0.006116935661924765
2024-03-21,-0.007541081513416761
2024-03-22,-0.0011899917958025194
2024-03-25,-0.0028229743600944475
2024-03-26,0.006258221062686294
2024-03-27,0.01417820850961977
2024-03-28,0.006356156276408473
2024-04-01,0.0003982284258543939
2024-04-02,-0.002030528315834557
2024-04-03,0.0056219698882581355
2024-04-04,-0.0003796722118270697
2024-04-05,0.007944751300564015
2024-04-08,0.011657938404625994
2024-04-09,0.0034921523958384394
2024-04-10,-0.012294264481396136
2024-04-11,-0.0020327601790673835
2024-04-12,-0.01996888593653731
2024-04-15,-0.012939378021609264
2024-04-16,-0.011412288562772967
2024-04-17,0.0058529627758774514
2024-04-18,0.007232603755143787
2024-04-19,0.00425656780385478
2024-04-22,-0.0015148892038124996
2024-04-23,-0.010235691332566889
2024-04-24,-0.002987556927300463
2024-04-25,-0.0017379428464712762
2024-04-26,0.026722239174783908
2024-04-29,-0.010701094393029957
2024-04-30,-0.02268542862786977
2024-05-02,0.007311032986124026
2024-05-03,0.024610151891045852
2024-05-06,-0.006673739882892419
2024-05-07,-0.001701729820936183
2024-05-08,0.009092915557224612
2024-05-09,-0.010547231400013294
2024-05-10,-0.012885977111757655
2024-05-13,0.0019958161445903836
2024-05-14,0.004725625049125439
2024-05-15,0.007891803315517677
2024-05-16,0.006181804380809319
2024-05-17,-0.008807010853568104
2024-05-20,-0.004641117445970464
2024-05-21,-0.009348924773881844
2024-05-22,-0.01109868990354261
2024-05-23,-0.005713157686175974
2024-05-24,-0.003040436723041083
2024-05-27,0.005132030324750666
2024-05-28,0.008587179223732828
2024-05-29,0.0015231376238529382
2024-05-31,0.004378122147214177
2024-06-03,-0.005873595223643978
2024-06-04,0.0008023694371288691
2024-06-05,0.0072307865416142494
2024-06-06,-0.0024749492708935907
2024-06-07,-0.017881664521294142
2024-06-10,-0.004661872022254578
2024-06-11,0.0015057923858120918
2024-06-12,-0.007119576155915324
2024-06-13,-0.004010212157555558
2024-06-14,0.003656027141833579
2024-06-17,0.010493922694459406
2024-06-18,0.009045714680196246
2024-06-19,0.003249107483432358
2024-06-20,0.009983760889617332
2024-06-21,0.008041418538522324
2024-06-24,0.014087146465614618
2024-06-25,0.008784321349309999
2024-06-26,-0.0011258728389731438
2024-06-27,-0.0013648744065490736
2024-06-28,-0.006155931818777592
2024-07-01,-0.0041086910490819445
2024-07-02,-0.0020867185623408726
2024-07-03,0.0009244235900341754
2024-07-04,0.009019158354586101
2024-07-05,-0.009399448604508262
2024-07-08,-0.0006611693749917854
2024-07-09,-0.011330931499457393
2024-07-10,-0.00477899843627923
2024-07-11,0.010110739932903165
2024-07-12,-0.0014209443570192238
2024-07-15,-0.003939571302884922
2024-07-16,0.00546064338831464
2024-07-17,0.009561579457985428
2024-07-18,-0.004066290773563147
2024-07-19,0.005719188594799761
2024-07-22,0.002930356258950746
2024-07-23,-0.0023291787201436555
2024-07-24,-0.0022850139538213095
2024-07-25,-0.0049731088945093515
2024-07-26,0.00569624304575063
2024-07-29,0.00380704888713734
2024-07-30,0.003506544466289545
2024-07-31,0.011344048714067056
2024-08-01,0.0025339279615954253
2024-08-02,0.012180771742157164
2024-08-05,-0.017826024242076504
2024-08-06,0.015513006049759394
2024-08-07,-0.011487654633863437
2024-08-08,0.0047180732180212214
2024-08-09,0.025595414439765627
2024-08-12,-0.010970689672907466
2024-08-13,-0.002434077369798121
2024-08-14,0.015219588205872554
2024-08-15,0.0038770027790462204
2024-08-16,0.0005121492570930851
2024-08-19,-0.009143740819859534
2024-08-20,0.005111521659224542
2024-08-21,0.004325476168677724
2024-08-22,-0.007222747108868609
2024-08-23,0.014402752568928756
2024-08-26,0.00012113542818659012
2024-08-27,-0.01260331896134565
2024-08-28,-0.005328025326155191
2024-08-29,-0.005107050202662238
2024-08-30,-0.0034784487827262092
2024-09-02,-0.01830786619158257
2024-09-03,0.008282513003236777
2024-09-04,0.014898269864504446
2024-09-05,-0.002695506351501596
2024-09-06,-0.0050485105942225375
2024-09-09,0.004053099272396713
2024-09-10,0.010481878043811281
2024-09-11,-0.006449627803963146
2024-09-12,-0.0007634734310366058
2024-09-13,0.007145403344205923
2024-09-16,0.004761859646198988
2024-09-17,-0.004737604287594377
2024-09-18,-0.001826246935637764
2024-09-19,-0.004071755167450244
2024-09-20,0.005221255912995887
2024-09-23,-0.0013400164465612882
2024-09-24,0.006183924336849628
2024-09-25,0.006819202590248384
2024-09-26,0.0015160098986924785
2024-09-27,0.010273496614975758
2024-09-30,0.004137593606328962
2024-10-01,-0.0026312562695558544
2024-10-02,0.013211202519909418
2024-10-03,-0.006638173937121513
2024-10-04,-0.009739761330237824
2024-10-07,-0.006228977495249131
2024-10-08,-0.002809895544462831
2024-10-09,-0.0031937787767936936
2024-10-10,0.001538944848531234
2024-10-11,-0.008064067967865532
2024-10-14,0.006127821592160123
2024-10-15,0.007273483637557071
2024-10-16,0.008486625637930274
2024-10-17,-0.009179412748382104
2024-10-18,-0.008867127252908738
2024-10-21,-0.003819242278481814
2024-10-22,0.007149646981409427
2024-10-23,-0.0010373483477218656
2024-10-24,0.008416346452452542
2024-10-25,0.002208050495237555
2024-10-28,0.004683862872924395
2024-10-29,-0.0004937415726429255
2024-10-30,0.001710532553544944
2024-10-31,0.00022351165842774507
2024-11-01,-0.009670762164984598
2024-11-04,0.010343824716049877
2024-11-05,0.009773680636425022
2024-11-06,0.006561370397706925
2024-11-07,-0.008050168696750036
2024-11-08,0.005506277611545141
2024-11-11,0.013277250812818083
2024-11-12,-0.003790237275903758
2024-11-13,0.003979461912026383
2024-11-14,-0.04796880556525106
2024-11-18,-0.020009554681870028
2024-11-19,0.013711325761498385
2024-11-21,0.0005475329386591021
2024-11-22,-0.004337809751430384
2024-11-25,-0.007339088610970114
2024-11-26,0.0030575906689959916
2024-11-27,-0.017521673949521435
2024-11-28,-0.034425205560300876
2024-11-29,0.0129534525762095
2024-12-02,-0.009231606943761721
2024-12-03,0.003314962517386406
2024-12-04,0.00802810161195638
2024-12-05,0.007971406330230281
2024-12-06,-0.000933097005861232
2024-12-09,0.004398799244938884
2024-12-10,-0.017540988795793945
2024-12-11,0.03306176024445387
2024-12-12,-0.026823911259716567
2024-12-13,0.006244702017395855
2024-12-16,0.008441900291319028
2024-12-17,0.0006400990442518427
2024-12-18,-0.021395919426492896
2024-12-19,-0.010045162111671217
2024-12-20,-0.007894516006105688
2024-12-23,-0.008335789115491295
2024-12-26,-0.0011338044526046206
2024-12-27,-0.001604309530813209
2024-12-30,0.012568394055966685
2025-01-02,-0.009139095785970096
2025-01-03,-0.007192237473327982
2025-01-06,-0.0024378176240911083
2025-01-07,0.006079781662967791
2025-01-08,-0.0019848867039353175
2025-01-09,0.007527085133212897
2025-01-10,-0.0047064278410517595
2025-01-13,0.008763102886917019
2025-01-14,-0.004883954618291882
2025-01-15,-0.004350479539268927
2025-01-16,0.0011392124980362814
2025-01-17,0.0058692427109995615
2025-01-20,0.0013472415518351096
2025-01-21,0.0030511917031330583
2025-01-22,-0.0029276913105608323
2025-01-23,-0.0039626680271671365
2025-01-24,0.0015480874439646266
2025-01-27,-0.006696870288543098
2025-01-28,0.0005881647782294372
2025-01-29,0.008767063172489967
2025-01-30,0.010241305118855864
2025-01-31,-0.001086230124145821
2025-02-03,0.005911084053981314
2025-02-04,-0.009101441865224333
2025-02-05,0.005919913755398946
2025-02-06,0.0015067405015242671
2025-02-07,0.003381620289383363
2025-02-10,0.0021480317696873467
2025-02-11,-0.0008471883865578679
2025-02-12,-0.011209061488156619
2025-02-13,0.013885301094586529
2025-02-14,0.009304817947131177
2025-02-17,-0.012603550950726428
2025-02-18,0.004172792539145439
2025-02-19,0.009087284279228816
2025-02-20,0.0038217807046067266
2025-02-21,0.002683095509538725
2025-02-24,-0.00876428184098591
2025-02-25,0.005765331021280877
2025-02-26,-0.012415098058127025
2025-02-27,0.0055978669526784205
2025-02-28,-0.0026429772721116504
2025-03-05,0.0016844047606338682
2025-03-06,0.007472975960517593
2025-03-07,-0.005454384655079419
2025-03-10,-0.01565224678605262
2025-03-11,-0.015216503694890096
2025-03-12,0.010006425220204628
2025-03-13,0.0058380484309524736
2025-03-14,0.0029622774276824547
2025-03-17,0.006676192365072361
2025-03-18,0.008382296141780482
2025-03-19,-0.00029683062499854054
2025-03-20,-0.006234423703772952
2025-03-21,-0.012288360047085415
2025-03-24,-0.010242257051776319
2025-03-25,-0.007250382998233835
2025-03-26,-0.013070347206202546
2025-03-27,0.010258355670742396
2025-03-28,-0.014326652809384102
2025-03-31,0.0004245692304931787
2025-04-01,0.006131614063400437
2025-04-02,0.0008090632400018184
2025-04-03,0.0011548167625377033
2025-04-04,-0.015291981558050595
2025-04-07,0.001450506385463475
2025-04-08,0.0020599854772577588
2025-04-09,0.026556833024415177
2025-04-10,-0.007066259291532844
2025-04-11,0.005927482856086941
2025-04-14,-0.013129415281615278
2025-04-15,0.004830249040646869
2025-04-16,-0.007613407167742219
2025-04-17,0.0010317900636269528
2025-04-22,0.00968909678365011
2025-04-23,-0.006664829469342992
2025-04-24,0.010939729609363867
2025-04-25,-0.0032520719412724363
2025-04-28,-0.0017890367880478567
2025-04-29,-0.003524786929248997
2025-04-30,0.017125365080910147
2025-05-02,-0.003385452995778504
2025-05-05,-0.0021584670087288296
2025-05-06,-0.002541653734590449
2025-05-07,0.001027095809209015
2025-05-08,0.017752390876540187
2025-05-09,0.0021156260721170274
2025-05-12,-0.009891649260989694
2025-05-13,0.007464680816780758
2025-05-14,0.0009048966892035034
2025-05-15,0.01296982203923705
2025-05-16,0.018271880912164366
2025-05-19,-0.005222264533553418
2025-05-20,-0.004363370673611891
2025-05-21,-0.018028585953667246
2025-05-22,0.001352085658917563
2025-05-23,0.006451402758585014
2025-05-26,0.003630766769232811
2025-05-27,0.016433156295707206
2025-05-28,-0.0008699378534127672
2025-05-29,0.0041819171047612355
2025-05-30,-0.0016161690140347059
2025-06-02,0.007093707290744834
2025-06-03,0.017145795705958967
2025-06-04,0.011093403184020393
2025-06-05,-0.009974499711644965
2025-06-06,-0.012327151409588144
2025-06-09,0.011669083099283778
2025-06-10,0.004692803160847559
2025-06-11,0.0014308077638650293
2025-06-12,-0.007949222980297902
2025-06-13,-0.013083759699005293
2025-06-16,0.025088918584034368
2025-06-17,0.00614111161291461
2025-06-18,-0.0027369096537455235
2025-06-19,0.000162798
2025-06-20,0.00016539299999999998
2025-06-23,-0.0067246131931503195
2025-06-24,0.016973515455992773
2025-06-25,-0.005577249041164156
2025-06-26,-0.0023073444018100594
2025-06-27,0.002012960238869641
2025-06-30,0.005647965347065681
2025-07-01,0.00402110593648162
2025-07-02,-0.02850651508028378
2025-07-03,0.01888453841028396
2025-07-04,0.0023965608073027757
2025-07-07,-0.0076110225084662034
2025-07-08,-0.01972382815078202
2025-07-09,0.006051112286465146
2025-07-10,-0.014332215950970374
2025-07-11,-0.010458653100127977
2025-07-14,0.0018382191882355778
2025-07-15,0.021600275477424245
2025-07-16,-0.01336763694653641
2025-07-17,0.001742331874025947
2025-07-18,-0.026609083608598393
2025-07-21,-0.0081153451284415
2025-07-22,-0.007172265454617484
2025-07-23,0.010242066256649154
2025-07-24,-0.01052503581735667
2025-07-25,0.004386823331586131
2025-07-28,-0.013044881216890403
2025-07-29,0.010273489760247119
2025-07-30,0.018554704437154214
2025-07-31,-0.008890334156674886
2025-08-01,0.0022429123102059457
2025-08-04,-0.004502278398178353
2025-08-05,0.0011497091478603072
2025-08-06,0.022214914748786257
2025-08-07,0.0002765358326816752
2025-08-08,0.004552463964402541
2025-08-11,-0.002104311131114936
2025-08-12,0.00830766007466832
2025-08-13,-0.016536377933487577
2025-08-14,0.0022947598469236032
2025-08-15,-0.0061916375715817635
2025-08-18,0.013611473844851927
2025-08-19,-0.019697547181063327
2025-08-20,0.0006040182504162691
2025-08-21,-0.009919752094684871
2025-08-22,0.02925110637303742
2025-08-25,0.0028798397974634893
2025-08-26,0.00046133480711340355
2025-08-27,0.004809910795417668
2025-08-28,0.01564925679692207
2025-08-29,-0.005971721195215938
2025-09-01,-0.006654167842094937
2025-09-02,-0.0020000340594394754
2025-09-03,0.0016906220473433848
2025-09-04,0.014651410845401575
2025-09-05,0.013659563238842983
2025-09-08,-0.00738624384923477
2025-09-09,-0.00894209707959858
2025-09-10,-0.0001096414867939788
2025-09-11,0.004956501969115315
2025-09-12,-0.0017185897987557167
2025-09-15,-0.0004322849768123993
2025-09-16,0.004036358931677486
2025-09-17,0.012608903991348713
2025-09-18,0.003224090003547568
2025-09-19,0.014351300576083243
2025-09-22,-0.003764419434788443
2025-09-23,0.010455853360322787
2025-09-24,0.00021039160014059094
2025-09-25,-0.006505379930027564
2025-09-26,0.014717766982497906
2025-09-29,0.017010884589590998
2025-09-30,0.01298275340772727
2025-10-01,0.009015006348270814
2025-10-02,0.0005483630884121282
2025-10-03,0.022467855821913532
2025-10-06,0.0041072048250136994
2025-10-07,-0.018370965366676296
2025-10-08,0.006850541182175941
2025-10-09,-0.01762918343208647
2025-10-10,-0.0009877560162905926
2025-10-13,0.004801957496953224
2025-10-14,-4.6618369162786094e-05
2025-10-15,0.016424307431579944
2025-10-16,0.00016444883247718827
2025-10-17,0.008563898094537847
2025-10-20,-0.007012043790203027
2025-10-21,0.0017476305877777573
2025-10-22,0.010348088192215017
2025-10-23,0.005590926479121227
2025-10-24,0.016232703789100748
2025-10-27,-0.005988561650783569
2025-10-28,-0.004236442497491624
2025-10-29,0.015123692286722902
2025-10-30,-0.0018219897324881563
2025-10-31,0.01469971656436378
2025-11-03,0.006660996439039574
2025-11-04,0.007413080116962384
2025-11-05,0.004426698520141657
2025-11-06,0.0036344516347548506
2025-11-07,0.018011542122351596
2025-11-10,0.0213234350649908
2025-11-11,0.00321920163568332
2025-11-12,-0.0028787206065216
2025-11-13,-0.0011705627139998607
2025-11-14,-0.005494980399049288
2025-11-17,0.004169406354848922
2025-11-18,0.019549564707903408
2025-11-19,0.0016544025442056592
2025-11-20,0.00016539299999999998
2025-11-21,-0.0004945692878692646
2025-11-24,0.045979137436656936
2025-11-25,0.011867274663090949
2025-11-26,-0.019994653782768854
2025-11-27,-0.0271091231746663
2025-11-28,-7.359288909946309e-06
2025-12-01,0.02098233098419277
2025-12-02,0.014893068658896329
2025-12-03,0.0031149204315909507
2025-12-04,0.02282391334615373
2025-12-05,-0.06490102039391858
2025-12-08,0.027246839432927897
2025-12-09,-0.01382497092136422
2025-12-10,0.009747551086301463
2025-12-11,-0.018788615456037973
2025-12-12,0.03516335712750326
2025-12-15,0.012370039924900465
2025-12-16,-0.03735640360462412
2025-12-17,-0.00034653456844305447
2025-12-18,0.017703799209892873
2025-12-19,0.005306274615939375
2025-12-22,-0.01265157212576535
2025-12-23,0.019091086200346663
2025-12-26,-0.0003130533529597556
2025-12-29,-0.00448071590954834
2025-12-30,0.026862578901880683
2026-01-02,0.0038015215538467055
2026-01-05,0.0016864611783720775
2026-01-06,0.00809662577998735
2026-01-07,0.009691979481766665
2026-01-08,0.00970274336324082
2026-01-09,0.0031459440065155784
2026-01-12,0.009898081023648676
2026-01-13,0.0054488027118279325
2026-01-14,0.014853854855542402
2026-01-15,-0.0012683179476048795
2026-01-16,-0.0018741062265453764
2026-01-19,-0.010083256347361123
2026-01-20,-0.003045135760853611
2026-01-21,0.01682326398782219
2026-01-22,0.016528590161231323
2026-01-23,0.0009123302861154868
2026-01-26,0.019742633566323553
2026-01-27,0.007701815681226732
2026-01-28,0.005888497354185054
2026-01-29,-0.009736044182241041
2026-01-30,0.013265595816208418
2026-02-02,0.022682145190700737
2026-02-03,0.005612531655023033
2026-02-04,-0.018239534109809954
2026-02-05,0.013377022175111636
2026-02-06,0.01056566221285883
2026-02-09,0.01400907206010956
2026-02-10,-0.002846194480679916
2026-02-11,0.011070006879762777
2026-02-12,-0.018643288377403665
2026-02-13,0.007722228296512183
2026-02-18,0.01638081406576927
2026-02-19,0.01955798433200423
2026-02-20,0.0014821372830937272
2026-02-23,-0.003889490153006819
2026-02-24,0.00959385809839394
2026-02-25,-0.0034234787746955583
2026-02-26,-0.006567274915532039
2026-02-27,-0.0020314426773887853
2026-03-02,-0.010047531049880177
2026-03-03,-0.01917642441128178
2026-03-04,0.008336375737189594
2026-03-05,-0.036000562792462686
2026-03-06,-0.02192838078544941
2026-03-09,0.011023913997945726
2026-03-10,0.012648440761015671
2026-03-11,-0.004187093687433194
2026-03-12,-0.049550226202500984
2026-03-13,-0.01495151465521275
2026-03-16,0.018483292254168227
2026-03-17,-0.001795888109837551
2026-03-18,0.00466896526066391
2026-03-19,-0.01273742686195192
2026-03-20,-0.024225063770809376
2026-03-23,0.05657478189258392
2026-03-24,-0.013775878402926376
2026-03-25,0.011383235666666299
2026-03-26,-0.032052161837699863
2026-03-27,-0.010586581161918117
2026-03-30,0.0031423950563025035
2026-03-31,0.053618226449593416
2026-04-01,0.007457048361312297
2026-04-02,0.005522668622144566
2026-04-06,-0.0018577281662651682
2026-04-07,0.005901055908382957
2026-04-08,0.017840059055869734
2026-04-09,0.021200805897808563
2026-04-10,0.003954991741065653
2026-04-13,0.002758137855269038
2026-04-14,0.0032778327325970785
2026-04-15,-0.002338033134171476
2026-04-16,-0.009026420290144962
2026-04-17,0.0008482922925424736
2026-04-20,-0.007091428233709727
2026-04-22,-0.006926016767098274
2026-04-23,-0.008389626006485336
2026-04-24,-0.003922903117737907
2026-04-27,-0.003221201002376988
2026-04-28,0.00999915685054661
2026-04-29,-0.008168861413868668
2026-04-30,0.010759795267826312
2026-05-04,-0.014828586019643404
2026-05-05,0.0022397530620270863
2026-05-06,-0.004396878714463319
2026-05-07,-0.022296577569252293
2026-05-08,0.015097962384283715
2026-05-11,-0.015496570478506558
2026-05-12,-0.0052624140842735985
2026-05-13,-0.014958350812876534
2026-05-14,0.017273389583887563
2026-05-15,-0.018288353682285416
2026-05-18,0.00847054659145581
2026-05-19,-0.008436497292683021
2026-05-20,0.022328023812962755
2026-05-21,-0.002303177615135926
2026-05-22,-0.005198351881102098
2026-05-25,0.005534444097034336
2026-05-26,-0.009339076156344172
2026-05-27,-0.0021788719143413706
2026-05-28,0.0026565243472876903
2026-05-29,0.003032951045955786
2026-06-01,0.013483416475872903
2026-06-02,0.0210706802782405
2026-06-03,0.0029270428768338715
2026-06-05,-0.015898515674284457
2026-06-08,0.002301666950797504
2026-06-09,0.007133733470758273
2026-06-10,0.0012624565643392866
2026-06-11,0.0007608608791778662
2026-06-12,-0.00017916609818008204
2026-06-15,-0.01824116967241899
2026-06-16,-0.01235393805069377
2026-06-17,-0.009698700942215718
2026-06-18,-0.007356134566747055
2026-06-19,-0.0018372065360647693
2026-06-22,0.008148018210432333
2026-06-23,0.0003341568899336808
2026-06-24,-0.011735241131612343
2026-06-25,-0.0012569369843086085
2026-06-26,-0.0016171773780145145
2026-06-29,0.007462795039469443
2026-06-30,0.0068333459981534065
2026-07-01,-0.0029522826174701827
2026-07-02,0.008351431735286031
2026-07-03,0.00653848441793728
2026-07-06,0.005667818972159971
2026-07-07,-0.00516565441182506
2026-07-08,-0.0027498546550159706
2026-07-09,-0.0015009710346837429
